effect_size,baseline_std,n_treatment,n_control,n_total,alpha,power
34.223415408924595,463.04888813500094,2874,2874,5748,0.05,0.8
