metric,mean,std,n_bootstrap
Adjusted Rand Index,0.7671904353198875,0.11271862633222297,100
