segment,segment_name,n_customers,mean_cate,std_cate,median_cate,pct_confident_positive,pct_confident_negative,pct_uncertain,pct_in_overlap,expected_profit_per_customer,recommended_action,specific_action
6,Regular+H&B,62,33.76943960912721,95.06059176426258,40.202302240991784,1.6129032258064515,0.0,98.38709677419355,22.58064516129032,-2.599168117261838,Test & Learn,Run small-scale A/B test before full rollout
0,Active Loyalists,97,32.68718242625729,93.4163864808685,41.39647504559099,1.0309278350515463,0.0,98.96907216494846,9.278350515463918,-2.923845272122815,Test & Learn,Run small-scale A/B test before full rollout
4,Light Grocery,91,29.810840443995154,34.17178404545288,33.493507699865056,0.0,0.0,100.0,21.978021978021978,-3.786747866801454,Test & Learn,Run small-scale A/B test before full rollout
3,Fresh Lovers,73,26.81222891629704,41.63036774977351,27.982278324147366,0.0,0.0,100.0,20.54794520547945,-4.6863313251108885,Test & Learn,Run small-scale A/B test before full rollout
2,Lapsed H&B,27,18.747942165014177,31.244285887597584,17.872996208193157,0.0,0.0,100.0,22.22222222222222,-7.105617350495748,Test & Learn,Run small-scale A/B test before full rollout
1,VIP Heavy,59,-37.80901037719948,152.52073932876777,-75.54796060080308,1.694915254237288,3.389830508474576,94.91525423728814,3.389830508474576,-24.072703113159843,Reduce Targeting,Exclude from TypeA; switch to TypeB/C or loyalty programs
5,Bulk Shoppers,77,-40.494919584474616,53.89659639242239,-33.48423039553715,0.0,0.0,100.0,18.181818181818183,-24.878475875342385,Reduce Targeting,Exclude from TypeA; switch to TypeB/C or loyalty programs
