Segment,N,N_Positive_CATE,Pct_Positive,Mean_CATE,Total_CATE,Profit,ROI_pct
Unknown,2430,563,23.16872427983539,-542.8872055573994,-1319215.9095044807,-398194.7728513442,-16386.616166721986
